videoId,title,channelId,channelTitle,publishedAt,duration_sec,viewCount,likeCount,commentCount,subscriberCount
J-NasTKfh-c,#auracat,UC3jX2VwFmC0IFAgC5J4EViA,TBZ Gaming ,2026-04-10 09:38:55 PM,46,22069,2408,55,158000
6kXT2idugRk,US and Iran set for indirect talks in Islamabad amid heavy security,UCNye-wNBqNL5ZzHSJj3l8Bg,Al Jazeera English,2026-04-10 09:57:33 PM,120,2960,99,18,17900000
PUwbPpzy0fU,#viral video #short video #animals #bandar gurdel chalate hue #chil ko market murgi ka jan bchaya,UC2yHSWYBXauDqueOlRWOWHg,Cartoon87YADAV,2026-04-10 09:56:14 PM,40,426,6,0,164
tbDXpv_u_Tk,Hoje é 1° visita técnica no local onde será meu casamento 🥹💍 #casamento #viral #vlog,UCAeie0vPJ4WBFkG4dfl8aVQ,Stores de famosos ,2026-04-10 09:31:13 PM,24,4327,469,7,739000
VL603__EWmI,#armanmalik #kritikamalik #payalmalik #malikvlogs #shorts #malikkids #short video #shortsfeed #viral,UCmb5KL3t13-xRizgY7Bnq1A,Malik shorts clips ,2026-04-10 09:58:55 PM,39,8859,280,0,577000
lm5nLJg68GM,12 बजे मुर्गा बना रही हैं #short #minivlogs #pramodvlogs11 #vlogs,UC1Dht186Qo4tHJ4SNdyKifw,Pramod Vlogs 11,2026-04-10 09:30:28 PM,24,519,,0,20200
zn9iJ5_kcNg,जीविका दीदी सावधान रहिए !! #Jivika #trend #trend #savdhan #viralshorts #mahilagroup  #shortsfeed,UCnYozc_KKlKdwb9BEm5dsEg,Ddc News Fast ,2026-04-10 09:39:12 PM,63,1910,54,0,73000
ekthUMmTVro,New Santali Dabung Dance 2026 #santali_fansan #santali_viral #youtubeshorts #short #trending,UClcT8b820X9ClxwJRPqfUzg,Sumanta Mandi,2026-04-10 10:03:23 PM,15,574,7,0,205000
AjFk1cY265I,Digital Circus Ep 9 Finale [TRAILER],UCn_FAXem2-e3HQvmK-mOH4g,GLITCH,2026-04-10 09:59:45 PM,70,793293,203009,26039,19800000
jGvzBf6oO30,#armanmalik #kritikamalik #payalmalik #malikvlogs #shorts #malikkids #short video #shortsfeed #viral,UCmb5KL3t13-xRizgY7Bnq1A,Malik shorts clips ,2026-04-10 09:29:07 PM,41,19559,510,3,577000
vCic_o6nvYA,अबकी बार बंगाल में किसकी सरकार 😨😨 #education #ytshorts #short #shorts,UCeO1Lathqua-gvpU-39XMFw,Crazy ak mishra ,2026-04-10 09:42:22 PM,63,802,18,0,1200
wU606fd7ZDk,5 More Times The Simpsons Referenced Animated Movies | 3,UCY4vCjFiBB54kl23EyMRoxQ,Toons Hub,2026-04-10 09:31:43 PM,23,2348,63,0,106000
jKeRBvYTtNg,"見習稱""兩岸中國人"" 陸委會:對鄭麗文言論很遺憾  11號中共發""惠台大禮包""? 陸委會:養套殺.統戰手法│記者 王郁蓁 黃澄柏│國際關鍵字20260410│三立iNEWS",UCoNYj9OFHZn3ACmmeRCPwbA,三立iNEWS,2026-04-10 10:04:15 PM,106,406,4,2,1420000
LOuGoZdGJUs,#freefire #update #trending #freefireupdate #freefireshorts #funny #youtube #short #memes #vioce,UC90Zea5-rK__ri19t3Q6PIQ,PICHASH 99,2026-04-10 10:12:46 PM,21,225,3,0,829
0Gtnpx3_Z_U,😯 Night DRIVE #scirpio #viral #song #trending #short #love #reel #0005 #br09 #today #whtsappstatus,UClUbRW4wVuOk0YzNu6ydpPg,Yatra Family Vlogs,2026-04-10 09:44:11 PM,24,197,5,0,141
aXaCHapoLtw,Kalika Mata Mandir Pawagarh Gujrat #ytshorts #short #mataji #love #fojichatursain,UC9i2yYinvyPg30acxJ8NOyg,Foji chatur Sain,2026-04-10 10:02:08 PM,13,533,35,0,252
A9wYBKTkdwU,wait for end #edit #short,UCBO7fjI4yk6DxMcuj3c35Ig,Deepak kumar,2026-04-10 10:07:17 PM,59,379,9,0,12
PO3-Kc-Mfn0,भाई भाई में दरार #shortvideo #viral #tranding #reels #shorts #short #viralreels #reelscreator #reels,UCkZx5B_WSeKMxy5NozK6ShQ,brothersjalwa,2026-04-10 09:49:37 PM,46,738,5,0,135
Zuu04MTSxkQ,রুমের জানলায় একটা হাত 👺 #horror #story #bangla #ghost #short #feed,UCYsNP44F4INxUFJdEqe837w,শ্মশানের পথ ,2026-04-10 10:04:29 PM,32,381,3,0,324
gFMtrtzyJA8,Melania Trump denies ties to Epstein,UC5DOK_H_fkhHBw_7pl0TViQ,WAVY TV 10,2026-04-10 09:54:34 PM,65,2913,43,105,228000
20e1zAAOTdE,jini bahut pasand hai#trending #short,UC0YCJoQ_ocC5qKWFvZT6_lA,Mohan Chaudhary ,2026-04-10 09:36:08 PM,50,1145,12,0,293
QRNJvwf8stg,"नाग पाहून बायकर उतरला अन् नाग गाडीवर चढून बसला, पाहा व्हीडिओ | BBC News Marathi",UC7pluR6rB5KZIbN2IxamzxQ,BBC News Marathi,2026-04-10 10:00:21 PM,35,3116,109,1,3390000
iXi6bfCMCmY,"ইরানের সঙ্গে আলোচনা ইতিবাচক হবে, আশা মার্কিন ভাইস প্রেসিডেন্টের | Iran-US Tension | Channel 24",UCHLqIOMPk20w-6cFgkA90jw,Channel 24,2026-04-10 09:48:20 PM,120,4915,161,4,16600000
kEbt4qHQAmE,Экстремальный тест года — это безумие! #short,UCbFwMiinJIqdIyzxLEpnUow,hondalafleche,2026-04-10 09:45:06 PM,18,256,7,0,369000
xDc8-kTheBE,❌ das müsst ihr sehen❌ #afd #cdu #politik #alternativefürdeutschland #bundestag,UCb13Vsx-T1H38kgY9GSdtxw,Rich Kids of Wall Street ,2026-04-10 09:31:52 PM,120,3764,144,14,198000
q8Yx21Ev0QE,Seher Shares Her Feelings | Seher,UC55IWqFLDH1Xp7iu1_xknRA,Colors TV,2026-04-10 09:30:36 PM,62,18181,1330,37,82000000
l5eqYRARSFY,Reaction Video😱🤭🥱💯 Trollcomment |#trollcomment#shorts #song #short #tamil #trending,UC3Sf8nNz9jUWzcHhtsS4kUg,Tajmahal Yt,2026-04-10 09:50:56 PM,23,659,18,0,314
HS-J59AfFt4,Es tut uns leid 🥲,UCg1LZ42Gd3Wbj5fb0bJZtTQ,Versengold,2026-04-10 09:30:27 PM,24,4285,64,1,130000
KRAMe_qD8p8,Sehar Hone Ko Hai Today NEW PROMO 10th  April 2026:,UCVGiG3GcphUyMzNXg2iMN3A,Telly Reporter,2026-04-10 09:31:30 PM,60,4273,649,18,7160000
SNXBfpXpmC8,बायकोची क्रूरता #short #shortsvideo #shortsnews,UCM11CTqBKbRXag-GALLFSQA,MARATHI NEWS STORIES ,2026-04-10 09:45:05 PM,6,3802,,0,82400
RFhyIEFX0iU,12 வருட காலம் பருவமழை பொழிய வேண்டாம்!! #short #ytshorts #ytviral #shortsfeed #youtubeshorts,UCmSvhAoOTleelhTaIfUTxew,Sambodai Sudalai,2026-04-10 09:30:51 PM,20,1010,26,0,9700
O_u_R3f1wMs,Ambani banne ke chakkar mein #funnymoment  #facts #facts #funny #short trending viral video,UCH0l07q79uNeXhwtChwj9pQ,My photos grl,2026-04-10 09:43:17 PM,61,1572,11,0,940
yqax78LNzkM,डिप्रेशन और देसी मम्मी #comedy #funny #short video,UCpxCcDQ6bOb0cYuM1luG08w,PritamPRS VLOG,2026-04-10 09:58:30 PM,21,812,3,0,22700
nUY-nzU_tRo,#short #viralshort #viral #exposeshow #amitsaah #asamchunav #bengal #bengalchunav #trending #bjp,UCggutBigjBfmH6TVlNS7qow,Expose Show,2026-04-10 10:18:14 PM,32,1801,16,0,24600
4UkwxDy-HvM,"Вы не поверите, как быстро она работает! #short",UCtXZxR-82lw_YNk0B1dIroA,THancock,2026-04-10 10:00:03 PM,29,701,7,1,300000
R5gV7Il0T9k,OMG most powerful dryer #short,UCfUwo0s_98Igpa12q5UeZUw,HS BIJAY ,2026-04-10 09:30:59 PM,14,748,,0,196000
SqUTlps9sBY,न्यू ट्रेंडी ब्लाउज फ्रंट नेक डिजाइन🎀।। #jayadesign #blousedesign #viral #fashion #short,UCKgGQxXAeudu_ls1ayp13xA,Jaya design ,2026-04-10 09:36:53 PM,26,1249,7,0,3040
h0-1ij-6bNw,সংসদে পার্থকে ভু*য়া ভু*য়া #funny #trending #shorts #short #foryou #youtubeshorts,UCeuYOmTXX9PAu6n4KBBcH5g,BD Shakil,2026-04-10 10:00:46 PM,17,986,6,0,128000
dj-REB7e-Pk,Kajol reveals the TRUTH about Bollywood Rumors! 😱🔥 #kajol #ranimukherjee #bollywood #ytshorts #kwk,UCfc1fUm1rDrA4ef8Q7M7kvA,thecoffeewithkaran,2026-04-10 09:48:11 PM,38,4925,54,0,21100
bLjuy77-8YI,Sunny Deol💪Kill🔪Rajat Bedi🔥#bollywood #shorts #viralshorts #short #ytshorts #trending #shortsfeed,UC4M_syI0xobOYUNMsr0IjUw,Sayeed Siddiqui,2026-04-10 09:44:11 PM,38,627,10,0,131
yhGSkSwwInA,लाडकी बहिण योजना #short #shortsnews #shortsvideo,UCSJF3y8Dd5atyic7EjYtpxQ,जाणता राजा ,2026-04-10 09:59:03 PM,5,954,,0,18100
20VCy19JYPw,kiruki moment 🥰😍 #mahanadhi #vika #vijaykaveri #vijay #swaminathan #trending #short #mahanathi,UC2M4py4jdEwJWyoZpfIQLHA,Kolly Crush,2026-04-10 09:56:48 PM,28,1816,203,8,53600
ohLimIWjnMQ,JAVI POVES SE LLEVA UN JAMÓN AL ENTRENAMIENTO Y LOS JUGADORES SALEN CORRIENDO,UC6XweMKHNMCK7sdiWbLQfsg,Aniquilando la Historia ,2026-04-10 09:45:10 PM,53,4814,222,16,121000
lGSfBAEQ4qQ,பயனுள்ள வீட்டு குறிப்புகள்!💡#trending #shortsfeed #shortvideo #diy #shortsvideo #short #shorts,UCZRwqZGhABcsnwI1n40FV3w,Shanju Creative Corner,2026-04-10 10:17:48 PM,117,1213,1,1,75200
MWf-uBN5cE0,থানকুনি পাতার ভর্তা #viral #shortvideo #short,UCrjqpFvZbrCksuM6-Q1zYOw,Mb begam kichen vlog,2026-04-10 10:02:09 PM,48,298,1,0,59900
Ha0NpdgmRWs,Choli Dance Krishna Funny Kapil Show 🥺👌👌,UC0y8B-56YfgnOaDuMxFMsRQ,GSA ARTS,2026-04-10 10:00:50 PM,15,11572,140,0,1160000
CT8pv7d9UAw,Seher Hone Ko Hai NEW PROMO 11-13th April 2026 Mahid and Sehar Bared Their Hearts,UCuV2XePWou19CyPQFS8889Q,Tellyboosters,2026-04-10 09:48:32 PM,83,12242,310,4,1430000
y0IA8MwGYC4,哈莉奎茵的反击#Harley Quinn #joker,UCYFKMKQwYNun2wNj458kREQ,Harley Quinn with the Joker,2026-04-10 09:31:46 PM,49,6697,260,2,18100000
s8JFJx_5ReA,ससुराल आ गई थी🤫♥️ viral #short #video,UCRxnKnspNkAHQNgI4EONmAw,Soni official ,2026-04-10 09:41:10 PM,38,562,3,0,15700
oGf_Mni5Mj4,Court docs reveal past charges against husband of Michigan woman missing in Bahamas,UCuveMoRCsg7-W6ePw6lq7tA,13 ON YOUR SIDE,2026-04-10 09:39:33 PM,94,2025,38,16,158000
aKjCcQ3BquA,Qu'est ce que tes parents ont déjà jeté ? #microtrottoir,UCEY6XtptyaukIPFsDtPt81Q,Pietonpinion,2026-04-10 09:30:36 PM,61,4320,113,4,68600
IZWxztMecnE,#VR thought# Motivational News #Short Video,UClgxe0-b9JHgdwidUY_8fbw,VR Thaughts,2026-04-10 09:28:21 PM,6,1293,6,0,9870
JnJYk0L9D64,dubai ke shaeik ka opan chalenge #funny #comedy #trending #viral #short,UCfQPi2SSMppo-WjgVPsp7LA,diamond action07,2026-04-10 10:19:03 PM,61,1431,12,0,989
UtbIfOhi9TU,Desh kese hoga saaf inki niyat me hain daag #viral #short,UCm34FWPG5B4gyJdftjyWSJg,Mr. YouTuber.,2026-04-10 09:34:05 PM,36,235,3,0,75
FFiPtIUKF8M,Indian wife 😡😁 #comedy #comedyshorts #funny #short #reels #ytshorts #reelsindia,UCOiT3LWHEWFDGftxzlOMaWQ,Ajay Monika vlog,2026-04-10 09:37:04 PM,48,919,5,0,9610
g3gD0Kn4MZk,Шейхи выгнали военных Украины с Ближнего Востока! За что? Почему Иран оказался сильнее?,UCEfC_TEr_nmbCcVeDHUgzjg,СБТВ,2026-04-10 09:35:14 PM,27,13939,646,68,1600000
GOUGr-lKY9Q,Elegant Designer Blouse #BlouseDesign #DesignerBlouse #LatestBlouse #EthnicWear #ytshorts #short,UCGxcwaudqmhbUvAUUyvUTwg,My small world vlog,2026-04-10 09:29:15 PM,51,2994,,0,350
TwD5aU9kgio,രാജു ഏട്ടന്റെ വിഷു സ്പെഷ്യൽ സെറ്റ് മുണ്ട് 🌼✨,UC-iaCRkzfyYUxteRz4PRbzA,AR handlooms kuthampully,2026-04-10 10:00:30 PM,59,1548,131,12,490000
MTS_LwIoCG8,#CRINKLE TOP BROWNIE COOKIES #FUDGY COOKIES #SHORT VIDEO,UC2ydOEjlX8BXEPzZauuJ64A,Flavours of Nellai,2026-04-10 10:03:05 PM,61,749,,,9840
oI9e_tcfvAM,yamaha R15 raider 🥰#shortvideo #yamaha #rider #r15v4 #shortsfeed #shortsviral #short #biker #bikerid,UCnLIi-D3uACpNkHhf6Xfhcg,UP 62 RAIDER ,2026-04-10 09:55:55 PM,23,947,8,0,382
4IdHV4Y-B1s,Do-Hee Making Fun Of Her Husband's Clothes 😂❣️ #short #mydemon #kimyoojung #songkang,UCKJCUuqj1zy8q_orXUG38-g,it's always you ,2026-04-10 09:28:39 PM,22,2027,,4,24400
5mFmfJCx6l0,ইসরায়েলের বিরুদ্ধে একযোগে মুখ খুলল ৮০ দেশ | UN Peacekeepers | Lebanon Attack | Jugantor,UCKbhCXpZwAmFN4UHeT8HTjA,Daily Jugantor,2026-04-10 09:44:13 PM,89,21483,751,29,3150000
a7oJMjFlZGE,☠️​Il SEGRETO dietro ONE PIECE #short #onepieceliveaction by Mondo Cinema,UCuZ_wzjj9a7i_HLVUgMokyg,Mondo Cinema,2026-04-10 09:30:00 PM,54,536,,1,1250
RqIxvwjsGkQ,ओवैसी साहब का बेहतरीन बयान #shorts #islamic #short #ytshorts,UC8p_qhFgkSsJEHL1N4N3Yuw,Ruhani madad,2026-04-10 10:00:21 PM,62,368,16,0,38600
Ui82FS21_s8,The Cutest Dancer Ever! #talentreplay #short #bgt2026,UCu1wUSjVGL2azTLNN_rqo3Q,Talent Replay,2026-04-10 10:00:20 PM,37,543,21,0,2710000
d3WsnVyzfVQ,मां बनने की कीमत💞🌺#shorts #viral #short,UCsyLdJntvz3oznkmSK8bOqw,Sarita Prajapati,2026-04-10 10:10:00 PM,59,624,3,0,4690
6X1Drb9GjC4,Help the Minion groom meet the Minion bride!,UCL0X8jPuUk7u11YmmWg8f_Q,Game9bit,2026-04-10 09:35:07 PM,28,15988,879,3,31400000
7zGl6E4OYXU,বিশ্ব নবীর স্মৃতি মাখা সেই রাস্তা #youtubeshorts #short #foryou #sortvideo #trendingshorts,UCyWU0Kc7U3OyyMl0tYcFBWw,Anwar Hossain,2026-04-10 10:04:48 PM,11,619,12,0,18200
fP-weA9e-oQ,A conexão Diniz e Kayke: André Hernan traz os bastidores inéditos do Timão! #corinthians #diniz,UCewlgSl8OWQ1bC7TcOhBjhg,Turma do Futebol,2026-04-10 09:31:16 PM,46,4284,175,1,14700
BtkJJ5wau7g,ആക്രമണം അവസാനിപ്പിക്കണം; ഇസ്ലാമാബാദ് ചർച്ചയ്ക്ക് മുൻപ് ഇറാന്റെ നിബന്ധനകൾ | Iran,UCP0uG-mcMImgKnJz-VjJZmQ,Manorama News,2026-04-10 09:41:11 PM,55,2491,14,7,10500000
SbTvGbzoEwE,POV: Disinistallerò questa mod... 😭#minecraft #shorts,UCOnWexxfVG5-FC6AeFkX5tA,ArkadiaX,2026-04-10 09:36:11 PM,28,3761,146,5,87400
aOQaZTLPfC0,He Embarrassed Himself 😂🤣,UCWHClDRLdVr2BeRS9b9sNZQ,Destiny Clips,2026-04-10 09:30:02 PM,69,20107,1179,81,139000
kXYpz2z01IY,कुलपात तुटलेली चावी काढण्याची ट्रिक 😳 | #जुगाड #jugaad #tricks #shorts,UCuRwg2myOIvmjARRqO0B1dw,Marathi Kannada Couple ,2026-04-10 10:00:51 PM,23,2385,15,0,166000
p9yC8KzzHy8,"Casa Iubirii (11.04.2026) - MOMENTE EMOTIONANTE! JAQUELINE: ""AM ZIS DA!"" Fetele, in lacrimi!",UCgRHtJDaeVzQ_hW1-xzrTWw,Casa Iubirii,2026-04-10 09:45:06 PM,76,2630,152,18,1430000
WBGDJXc5ZE4,আজকের মতো দুঃখ নিয়ে ওয়াকআউট করছি: বি'রোধীদলীয় নেতা | Shafiqur Rahman | Boishakhi Tv News,UCTSvHZkOStz5Ak2J_q6YRlA,Boishakhi Tv News,2026-04-10 09:32:42 PM,25,22419,799,21,2720000
UqsXuDIs6IA,China wale mistri ki karigari #short #shahab ali,UC8hVsO1qNhOpPQrjp1z-J2w,Shabab Ali,2026-04-10 09:36:03 PM,15,2499,22,0,1510000
TgrAnjqXdYQ,right??😔🥀🫴#rimeer #rimjhim #yashikasharma #love #himanshuawasthie #update #newedit #funnyclip,UC9einYn7BdDurDK-qi0Dlzw,drama<🌸,2026-04-10 09:53:10 PM,17,18292,1308,14,136000
nvAq_pnM_w0,Why Olise and Arda Güler hate each other.😳☠️ One of the most unexpected fights.😭,UCgfxjUYBKLUUjq0oE7DU-Iw,FutVibes,2026-04-10 09:43:33 PM,29,39692,2474,80,1810000
OrtgOQf3pCU,Slendy NO SABE NADA DE MATEMATICAS! 😂🤣 @MaikelRobloxYT,UCdW77LGWKQ2bFmXsAMcVbFw,JERRY AL CHILE,2026-04-10 09:30:48 PM,90,5304,512,22,4850000
1eYzIrrGq_A,put your pinky up if you’re ready for COACHELLA!! see you at 8pm at the sahara tent 🩷#KATSEYE,UCA61H4fWOMHikLcUFKyQUog,KATSEYE,2026-04-10 09:32:35 PM,36,360203,54962,4066,8830000
sCojMQbydkk,ছলচাতুরী করে পাস করা হয়েছে ‘জুলাই স্মৃতি জাদুঘর বিল’: নাহিদ ইসলাম | July Museum | Nahid Islam,UCTSvHZkOStz5Ak2J_q6YRlA,Boishakhi Tv News,2026-04-10 09:45:30 PM,44,11955,400,9,2720000
tbqhtvrazpc,Crossbow 🎯 VS ⛓️ Flail,UChB01-7qJHyomNp3AM5l-Zg,Earclacks,2026-04-10 09:32:16 PM,43,5657,870,248,204000
WFUo0tmhJvc,POV: That friend who repeats same story 100 times😌,UCsD69Kqx-9_Kpgf0cqjLGLA,Afiya Farvin ,2026-04-10 09:34:42 PM,61,7543,845,14,48200
4tBNfYy4EpU,bigboss marathi season6 #shortvideo #viralshort #short,UCsjqhD7pJpzTFcEUgYKyMpw,Truth & Inspiration (सत्य आणि प्रेरणा ),2026-04-10 09:47:23 PM,4,3953,6,0,137000
3843mFQfsXU,"Эмоции, которые невозможно сдержать! #short",UCsPnHz-4YgDik23ptgQQ00Q,WORLDFAKTIK,2026-04-10 09:45:01 PM,22,1595,35,1,292000
gFH0Qqlgbao,Ashley Barrett - New VP,UCekYgu4qTiqVtLcxgBbhjnw,Vought International,2026-04-10 09:31:18 PM,98,19216,2523,426,995000
MxVs3QV6bUI,PALACE GUARD 9&10 (TEASER) - 2026 LATEST NIGERIAN NOLLYWOOD MOVIES,UCRpVhC2Mv9B-CIhYXGb0IdA,Nollywood RealnollyTV,2026-04-10 09:32:28 PM,85,769,63,10,1850000
z72L8fjx4lc,AI To Build a Billionaire Company #shorts #ytshorts #short,UCTv6hPFe0Mwb19gfONDXAwg,AP Tube Facts,2026-04-10 09:32:00 PM,32,614,,0,2180
c7b0YBp14A8,show da Lily e Alice #shortsfeed #humor #shortsviral #viralvideo #shorts #short #shortvideo,UCChIQgO3m1lLTce55YRnC4Q,Alice a Princesa dos Cachos,2026-04-10 09:54:23 PM,45,1188,32,2,908000
qnnO2t9xACg,Sahrukh Khan House In Mumbai #short #bollywood #youtubeshort,UCzFBkOGakqd-rIzFrqmjVhQ,Raaz ke vlogs ,2026-04-10 09:35:51 PM,18,865,9,0,10300
sffGU_rJ9HQ,#যদি #জীবনে #সফলতা #চান #শুনুন #🌴🌹🦜#nature #love #short #islamic #shortvideo #subscribe,UC9GwIeXQYJKyCSdlnOYhbQA,Natural_dream,2026-04-10 09:30:00 PM,51,660,16,1,785
sGmbvXuZ44c,brave girl fight with robots #short #higgsfieldai#higgsfield#seedance2,UC1oaZRy4aq78dhXBHrZlmew,Mr Artist,2026-04-10 09:52:45 PM,17,536,,0,228000
yPENyKd6U3w,Toate: il colpo a distanza #shortsvideo #karate #kyokushinkai #shorts #short #shotokan #short,UCbiWMi0JMDogLAed1HHHH6g,Modern Samurai,2026-04-10 09:31:59 PM,72,187,9,5,10500
flC---Sb5BI,TO DOM YAMALA ZA 15 MILIONÓW EURO 🔥,UCEhcmIOKuxA7SUaC6bav2_w,Qesek,2026-04-10 09:31:14 PM,32,2754,131,2,937000
Mb2GJD0j6uY,🦶 How doctors remove Botfly larvae 🪲 from between your toes 🧑‍⚕️ | MDCT,UC4ivNaaONN6uaa4vwCIv0Wg,Make Dream Come True ,2026-04-10 09:52:37 PM,15,16205,144,3,240000
rW-fqPGC7lw,Что происходит на заводах на самом деле? #short,UCtN5feWKjRbbtHStgVDhz1g,sarahl1985,2026-04-10 09:45:00 PM,23,755,16,1,295000
UeuhnCkbJag,"見習稱""兩岸中國人"" 陸委會:對鄭麗文言論很遺憾  11號中共發""惠台大禮包""? 陸委會:養套殺.統戰手法｜三立新聞網 SETN.com",UCIU8ha-NHmLjtUwU7dFiXUA,三立新聞網SETN,2026-04-10 10:01:02 PM,106,137,1,1,3090000
fB9CNZmBE4s,A Special 40th Birthday Surprise for Vincent Kompany 🎁,UCZkcxFIsqW5htimoUQKA0iA,FC Bayern München,2026-04-10 09:39:59 PM,60,6835,1019,75,5330000
5XQP2Cy93gs,Saadi ke baad 1 st birthday 😥 #youtubeshorts #love #ytshorts #birthday #couple,UCMERONqTzW6iG9mEzQcwIQA,Shubham Ananya vlogs ,2026-04-10 09:28:33 PM,60,30902,2330,63,321000
-fiiJ31fwBw,'전쟁 추경' 합의 처리‥최대 60만 원 지원 (2026.04.11/뉴스25/MBC),UCF4Wxdo3inmxP-Y59wXDsFw,MBCNEWS,2026-04-10 09:52:15 PM,114,1190,44,15,6150000
jDEUiwlYM2M,"""This is stupidity!"" 😱",UCMmVPVb0BwSIOWVeDwlPocQ,The United Stand,2026-04-10 09:31:17 PM,71,5116,299,16,2250000
LlzfCwQ3AIw,Pakistan's Failed Bid in US-Iran Peace Deal | Ankit Agrawal #short,UCrC8mOqJQpoB7NuIMKIS6rQ,StudyIQ IAS,2026-04-10 10:00:21 PM,74,12372,724,15,20300000
fjWdOAroou8,LES GENS PENSAIENT QU'IL GASPILLAIT TOUT ! 😱🏗️🚫,UCmej3PrVAetb4DTgcsEuEPQ,Neezay Shorts,2026-04-10 09:31:27 PM,20,6178,99,0,3040000
05vyXRCdrUg,The Guide You've Been Waiting For...,UClHVl2N3jPEbkNJVx-ItQIQ,HealthyGamerGG,2026-04-10 09:30:02 PM,93,6026,1177,141,3260000
kxgcKL7eFWg,"Champagner im Glas, Benzin im Blut!",UC1-VOKyTJrgLiBeiJqzeIUQ,JP Performance GmbH,2026-04-10 09:31:32 PM,37,4491,109,5,2700000
oXfEGuzYhlo,TOP News: 9 बजे की बड़ी खबरें | US Iran Ceasefire | Trump | Israel | Breaking News | Bihar | AIMIM,UCRWFSbif-RFENbBrSiez1DA,ABP NEWS,2026-04-10 09:33:33 PM,49,985,12,0,50400000
