videoId,title,timestamp,viewCount,likeCount,commentCount,subscriberCount
_1WtKPpQ8Ow,Sanju a humble man💛#cricket #sanjusamson #csk #ipl2026 #cricketlovers,2026-04-10 10:31:32 AM,15348,3703,44,170000
wesP-Z8kZhM,curiosidades do youtube rs #6,2026-04-10 10:31:32 AM,4589,31,1,8210
9lriTE9Yo_Q,Leg spin bowling action in correct form 💀✅.........#cricket #short,2026-04-10 10:31:32 AM,1318,,2,42
pNPAcLe42hU,சாலையின் குறுக்கே தெருநாய் வந்ததால் விபத்து - இளைஞர் பலி...,2026-04-10 10:31:32 AM,4315,48,5,12600000
fHVlzV96t_U,#yt #milkchocolate #darkchocolate #sweetcravings #foodtrend #viralfood #short #viralshorts #ytshorts,2026-04-10 10:31:32 AM,3199,27,0,172
Mi6FsR-44Kk,'बेहतर होगा ईरान...' बातचीत से पहले Trump की धमकी | Iran US Ceasefire | US Iran War #shorts #viral,2026-04-10 10:31:32 AM,25910,288,6,25100000
leHc-O3U18c,"Qatar, Saudiக்கு ‘Nuclear’ ஆபத்து - Bushehr Plant அருகே விழுந்த US Missiles; Iranஇல் நடந்த Attack",2026-04-10 10:31:32 AM,1881,13,0,4850000
4EEOGvIPfFM,Come pray with me,2026-04-10 10:31:32 AM,20169,3547,20,610000
i6Gsxm3wjlw,Barro comestible?! 😯 #viral #food #shorts,2026-04-10 10:31:32 AM,5051,577,29,1250000
BNpU40NEfWs,Kaam karane ke liye bolti hogi 😂,2026-04-10 10:31:32 AM,2937,145,3,95400
dVQy9BPIf-o,#song ए जान शादी कर बोगे कम एज में 😋 #short video 💯👍📷,2026-04-10 10:31:32 AM,470,7,0,2750
mkt5qXA79nQ,Fake Horse In War 🤯!#ayushquest #shorts,2026-04-10 10:31:32 AM,1152,21,1,237000
BYJDns94McU,Salah sasaran #shorts #viral #comedy,2026-04-10 10:31:32 AM,57245,411,6,5500000
0shYgGgd_h4,Trump Considers Removing Some US Troops From Europe Amid NATO Strains,2026-04-10 10:31:32 AM,14657,2422,26,344000
erQOFiQUxnY,"Introducing the ""VitalWear SmartBand,"" a next-generation wearable gadget",2026-04-10 10:31:32 AM,11551,,0,207000
tofoGU1LGmk,Premium Quality 🔥 Cotton Outfits ✨ #shorts #short #shortvideo #youtubeshorts #shortsfeed #trending,2026-04-10 10:31:32 AM,793,17,0,12200
IckRKDC86Og,hasna to padega 😂😁 #funart #lolart #sketchcomedy,2026-04-10 10:31:32 AM,3170,132,1,17800
liEmrQ7NvaI,ホルムズ海峡めぐり米・イラン双方が主張繰り広げる　モジタバ師「海峡管理新たなレベルに」と新声明　トランプ氏は和平合意「手の届くところ」と楽観的｜TBS NEWS DIG,2026-04-10 10:31:32 AM,2912,32,49,3230000
caJ2NjCa-a0,Roman Reigns attitude status ☠️🤯😡 #short #wwe #romanreings,2026-04-10 10:31:32 AM,694,13,0,2250
qASjceGTFk8,तनवी के पापा आला काम bi आज to main हे करना पड़ा #dailyminivlog #ytshorts #minivlog #youtubeshorts,2026-04-10 10:31:32 AM,7944,,3,17500
iaj64t15vw8,IPL Trophy 🏆 किसको मिलेगी ? #grvsoul #ipl #gift #short #viral,2026-04-10 10:31:32 AM,6531,81,4,38300
kcsqVmfBz3o,kha ja rahe ho chhat par #short video 😱🥰🤩🤩😇😮‍💨🙄😁😅😝🍭😚😄😄😅,2026-04-10 10:31:32 AM,2156,13,0,78700
BJX8MsP_6eA,Naya Naya Driver H Haranave Dhai Dhai Dabata 🫣 Samar Singh #short #video #bhojpuri #song #viralshort,2026-04-10 10:31:32 AM,528,16,0,144
GRPjga0iQmQ,उल्टी आंख वाला #shortvideo #shorts #short #viral #video #facts #cattyrobo #funny #youtube,2026-04-10 10:31:32 AM,627,6,0,104000
eTWySKZ3xn8,Jay shree shayam khatu dham #viral #short #video #youtubeshorts#trendingvideo #shyam#khatuwalashyam,2026-04-10 10:31:32 AM,592,60,8,20600
3tLRB6MjP-U,#reelschallenge,2026-04-10 10:31:32 AM,17745,,0,978000
9W79dx9fX-g,iPhone unlocked 😱🤯 #magic #shorts #short #youtubeshorts,2026-04-10 10:31:32 AM,547,10,0,722
tf2SbG8NrvA,Multi Colour Unique Design Cake Decorating #trending #shortsfeed #viral #shortsfeed #shorts #short,2026-04-10 10:31:32 AM,1108,20,0,32100
OiFQpmyFEHo,Why Are These People Getting Stung By Bees? #shorts,2026-04-10 10:31:32 AM,6387,,0,302000
o3TGaTM0Wsk,Islah Bahrawi Saiful Mujani Dilaporkan Ke Polisi Oleh Relawan Prabowo Gibran,2026-04-10 10:31:32 AM,2573,40,38,124000
HUKXZr_IbUs,pokhalo (water soaked rice )with red tomato #youtubeshorts #shorts #villagefood#eat#guddi,2026-04-10 10:31:32 AM,4742,233,0,2120
3BxsEpHKjak,चलो  हिमाचल  द्वारे  मां गौरा  को ब्याहने #शिव भजन #short #viralvideo #ytviralvideo #ytshorts,2026-04-10 10:31:32 AM,908,34,2,3480
bkrRoGJ78JQ,రూ 1.5 కోట్ల లాటరీ గెలిచిన 65 ఏళ్ల వృద్ధుడు #Shorts,2026-04-10 10:31:32 AM,5588,175,10,2080000
68JhcyVin5g,Blessings,2026-04-10 10:31:32 AM,3800,531,10,367000
8OjIwxgCONs,बाप रे ये कौनसा नोडल्स है 😱😮 #shorts #youtubeshorts #cat #cute #FunnyCats #catcartoon #frying,2026-04-10 10:31:32 AM,28581,,0,502000
6jc58EBXE3A,Share Bazaar Live और First Trade में बाजार का शुरुआती एक्शन Anil Singhvi  के साथ 10th April 2026,2026-04-10 10:31:32 AM,22669,510,0,6330000
e-nG4mrCCfA,mama to harami nikla #comedy #viral #view #short,2026-04-10 10:31:32 AM,1084,5,0,21800
NqyCT3_Q4eg,IMPOSSIBLE 🍷🗿 #freefire,2026-04-10 10:31:32 AM,1295,,0,60700
96pqdVRZfTc,"[HEADLINE NEWS, 10/04]  Utusan Pribadi Sekjen PBB Tinjau Kampus di Iran",2026-04-10 10:31:32 AM,4730,70,26,11100000
LTvuDfVuBLU,¿MÁS XENEIZE QUE LLAMARSE MARTÍN RIQUELME? | #Shorts,2026-04-10 10:31:32 AM,7376,221,9,8730000
Ic3F6PXyfLA,நீ புரண்டு புரண்டு விளையாடும் நாகப்பாம்பு..🙏#shorrtsviral #amman #short  #shortvideo #RRBROTHERS,2026-04-10 10:31:32 AM,1000,22,0,31500
KLBqlCcfG8o,Bangladesh Police Academy Sardah #shorts #short #viral #bangladesh #police #trending #academy#travel,2026-04-10 10:31:32 AM,1112,10,0,78
7g51QxwV-qU,삼전닉스 내년 영업이익 1000조 전망…'성과급 10억 시대' 현실 되나｜지금 이 뉴스,2026-04-10 10:31:32 AM,3306,57,37,4830000
jHd6bomD1RA,south guys slang🔥🔥🔥,2026-04-10 10:31:32 AM,2692,16,0,5730
LdpG7q1Zqjk,इस समय नमक खरीद कर देखो - जीवन में होगा लाभ ही लाभ | #salt #lifechanging #success #shorts #viral,2026-04-10 10:31:32 AM,2081,208,12,2340000
_ZkNaUgW0Us,Scooty Rain Hack You Won’t Believe! 🌧️ / #shorts #viral #video,2026-04-10 10:31:32 AM,3162,,1,2440000
QoaxxDOBtgA,"""이란서 구조된 전투기 장교""…미국 정치권도 속인 사진의 진실은?｜지금 이 쇼츠",2026-04-10 10:31:32 AM,2429,50,26,4830000
GQTyrFnurr4,"Husband arrested after woman fell overboard, went missing in Bahamas, police say",2026-04-10 10:31:32 AM,14976,118,59,753000
6TE_Wc6e_Wo,“Itni energy! Ladkiyon ka zabardast dance performance🔥💃#viralshorts #dancevideo #explore #shortsfeed,2026-04-10 10:31:32 AM,3417,102,0,238000
kgj7sGEvqJM,60/- रुपये में मन ख़ुश थाली 🙏🏻🙏🏻#shorts #short #trending #trend #reels #reel #foodclips #food,2026-04-10 10:31:32 AM,1005,46,0,18300
wq3IUX5AQ7o,desi girlfriend #comedyshorts #shortvideo #reels #funny #fun #funnyvideo #short,2026-04-10 10:31:32 AM,530,12,0,125
8xW6bp6EjxQ,हमको आपसे तलाक चाहिए #comedy #short #Rohan Raja Babu vlogs,2026-04-10 10:31:32 AM,63,0,,8850
T57Nhqk5xhY,Just twins sisters things 😂🤣 #trend #viralvideo #funny #comedy #money #twinssis #nehaswetatiwari #yt,2026-04-10 10:31:32 AM,9884,185,0,74600
lNDSOVFHnj0,Best Decorated food for eating 😁😋#reels #food #viral #cooking #short #shortvideo #shortsfeed,2026-04-10 10:31:32 AM,542,1,0,102
lZnRk6_HY9Q,La presidenta le da tremendo calladon de hocico a reportero #usa #ultimahora #noticias #amlo,2026-04-10 10:31:32 AM,11344,1326,70,483000
O52nhQQuyM8,थार वर्सेस लेजेंडर 🔥🔥💪 #automobile #legenderfortuner #thar #greenscreen #trending #short,2026-04-10 10:31:32 AM,340,10,2,5640
nzfi9VVSi0Y,যে ঠকে সে বোকা নয় নিরাপদ।#foryou #youtubeshorts  #views #subscribe #short #viralvideo#motivation,2026-04-10 10:31:32 AM,963,29,0,3550
Wlepg-b3NyU,যে ঠকে সে বোকা নয় নিরাপদ।#foryou #youtubeshorts  #views #subscribe #short #viralvideo#motivation,2026-04-10 10:31:32 AM,1029,40,0,5030
0wGszzukPgU,Handmade Pitha Making #pitha #handmade #siringpitha #pitharecipe #short,2026-04-10 10:31:32 AM,1083,11,0,80400
Zl_Hy2b6uAA,24 Hour in the Car 😍😱,2026-04-10 10:31:32 AM,711,,0,25300
EyhRIxI4XKo,Day of 9 of opening gifts with lyrikk #viralshort #lyrikk #birthdaycountdown #short,2026-04-10 10:31:32 AM,2198,,8,203000
5c0RlwTd8cY,बाइक और साइकल वीडियो😅❤️ #video #viralvideo #short #viralshort #ytshort #aivideo #viralai,2026-04-10 10:31:32 AM,709,2,0,653
s4W_qpP9MbU,നല്ല മനസ്സുള്ളവർക്ക് ഇങ്ങനെ ചെയ്യാൻ പറ്റു 😍 #trending #shorts,2026-04-10 10:31:32 AM,1401,,0,30800
hLwyp3NK7ic,World biggest JCB machine #shorts #viralvideo #youtubeshorts #facts,2026-04-10 10:31:32 AM,591,,0,5520
cw9QYjjIeqw,VACATION PREP/ SPRING CLEANING PT.2,2026-04-10 10:31:32 AM,2375,332,11,113000
GtTp4iyk9WI,Adivina el mob 2 #minecraft #shorts #minecraftespañol,2026-04-10 10:31:32 AM,2876,24,3,841
kC3L7zpFZic,#short फिर से नाम भूल गया  #shortsfeed  #food,2026-04-10 10:31:32 AM,755,2,0,72
HlXViDh8P8k,Papa Ne Krish Ke Baal Katwa Diye 😲😭||Krish Actor shorts #krishactor #shorts #ytshorts,2026-04-10 10:31:32 AM,52217,571,2,2710000
g-f-J8kFsCY,Who win the game 🙄 #shorts #ytshorts #viralshorts #viral,2026-04-10 10:31:32 AM,1539,6,0,414000
1WqEHSfEUYQ,"Yeh Rishta Kya Kehlata Hai Today Episode Promo: Manisha Helped Abhira, Exposed Meher In Wedding",2026-04-10 10:31:32 AM,1551,23,0,2050000
zyVYxGR-_uQ,Dj Malik ne liya naya cooler #comedy #shorts #bakarboysteam,2026-04-10 10:31:32 AM,13732,263,1,91800
1_JC2edGP8M,Mawakalipothundhi ❤️😅😅😅❤️😅😅😅❤️😅😅😅❤️😅😅😅,2026-04-10 10:31:32 AM,22476,93,0,4220000
73kyP6vbdXQ,ambil dulu tangannya #short,2026-04-10 10:31:32 AM,831,4,0,21700
HncSwOfrO84,amaira Ne aeroplane wale se mangi chocolate 🍫#short,2026-04-10 10:31:32 AM,11439,57,1,6940
9qWQyegyOnk,Slice to save all levels gameplay lvl84 #shorts #gaming #game #short,2026-04-10 10:31:32 AM,625,5,0,10400
kD6spQZVSJ8,दुई ये गो रोटी के करानवा #short #nirgun video #youtube short #bhojpuri #viral #trending song,2026-04-10 10:31:32 AM,705,20,10,1640
s9jUpFzwGFI,#7x7,2026-04-10 10:31:32 AM,679,,0,27000
lWPmiJjSPWo,Pt.2 VERDADES QUÉ NADIE DICE #standupcomedy #shorts #shortvideo #short #viralreels #viral #video,2026-04-10 10:31:32 AM,1350,19,0,378000
K8NmYI-QSWU,"Dad Placed A Brick 😨| New Viral Gadgets,Smart Appliances, Kitchen Utensils/ Home Inventions",2026-04-10 10:31:32 AM,16794,,0,510000
Kk4PIHPexgI,#viralvideo #trendingshorts #shorts #short #videoviral,2026-04-10 10:31:32 AM,797,4,0,93
OOW4-pPAZYo,Cristiano Ronaldo vs Messi car challenge part 12 🥳 #ronaldo #messi #trending #viral #youtube #shorts,2026-04-10 10:31:32 AM,607,16,0,8870
VNOECT5EQe4,A story of old free fire,2026-04-10 10:31:32 AM,1222,,0,81100
lM2W7uiQ3fc,ਪਿੰਡ❌ ਸ਼ਹਿਰ 🫣#youtubevideo #youtubeshorts #viralvideo #viral #saasbahu #shortvideo #shorts #short,2026-04-10 10:31:32 AM,7098,160,1,86900
sHAJMmGxuoQ,“FUI COMO CUALQUIER HIJO DE VECINO A SACAR UN CRÉDITO” ¿QUÉ PIENSAN SOBRE ESTA FRASE?,2026-04-10 10:31:32 AM,5735,73,48,1020000
cD69DIiUtZo,Amre pyara  mushfa nabi  salealah #short #ishlamic #vidio,2026-04-10 10:31:32 AM,867,164,0,1940
A4REAfW6HQg,Automatic registration for military draft proposal,2026-04-10 10:31:32 AM,6952,79,185,18300
aYVd-ZA78yA,Sariph Nhi Badmash Hu Mai 🫂⚜️ #bhai #short #ytshorts,2026-04-10 10:31:32 AM,8018,777,3,21000
kN-zn91TwEI,🥺ab kekra ke karba baad me #youtubeshorts 🥺🥺,2026-04-10 10:31:32 AM,1022,34,0,7810
aoWsjDK1ZcQ,"Syed Suhail | Iran-Israel War | जंग में ट्रंप का खजाना खाली, 10 लाख करोड़ 'स्वाहा'! #shorts #ndtv",2026-04-10 10:31:32 AM,23707,175,0,25100000
kMyImUdr1Ro,🔴LIVE:  TVK Vijay Campaign | சற்று நேரத்தில் புறப்படும் விஜய்.. நேரலை | Karaikudi | 2026 Election,2026-04-10 10:31:32 AM,30586,2348,0,515000
JaDVlwIqf-8,#short #kavitakolivlog माझ्या भावाला काय बोलला तर याद राखा 🥹 #funny #shortvideo #viral,2026-04-10 10:31:32 AM,1445,43,0,31900
cYm7VWM68LA,"""저 따님과 또래입니다 대장님"" 절규..끝까지 발뺌하더니 (자막뉴스) / SBS",2026-04-10 10:31:32 AM,3323,75,19,5180000
XyFwk5l4a1g,Luxury Garden में बना Giant Anaconda 🐍 #short #shorts #shortvideo #ai #aivideo #art #trendingshorts,2026-04-10 10:31:32 AM,679,12,0,6
I7PxsLo1200,mata mata kang ipul #funny #gudanghiburan #comedy #hiburanrakya #hiburanrakya #duet #hiburansegar,2026-04-10 10:31:32 AM,4520,46,0,861000
2Tbj3ZoqJpE,😱The girl stole goods worth 2 thousand rupees by giving 10 rupees|#shortvideo #Luckygameplay,2026-04-10 10:31:32 AM,6754,,0,1000000
TpPqWkSWRgg,membuatkan makanan China dari rebung,2026-04-10 10:31:32 AM,3491,39,2,191000
AZtUogL34DI,Maut ka Farishta #trending #islamic #viralvideo ￼,2026-04-10 10:31:32 AM,2177,55,0,161000
rY0PxYS6f64,Why Don't Players Reuse Dropped Bullets 🤯,2026-04-10 10:31:32 AM,2187,,0,45500
z5lKH8POQV8,“This Method Will Change How You Learn Forever 😳” #shorts #short #trending,2026-04-10 10:31:32 AM,732,,0,14300
weksfFUNB0o,"""Building Wooden Log Cabin in Forest 🌲 😘 Survival House Step by Step"" part-11",2026-04-10 10:31:32 AM,5962,19,0,22300
DHHcq7_pFjU,Yaar Tera badmashi ka khalnayak hai 😭🙏 #youtubeshorts #foryou #emotional #hearthouching,2026-04-10 10:31:32 AM,29781,355,1,318000
3dwEIQSMMy0,asik siapa yang menang aku atau adek ya #short NastyNaz,2026-04-10 10:31:32 AM,12741,80,0,1670000
dB7ThNO6S9U,#shortvideos🥹 #shorts #video #viralshorts Shayari video new support #short MAA qaqa 🙏,2026-04-10 10:31:32 AM,1415,45,5,7310
t862HfSuiHY,Eles não quiseram levá-lo de férias #curiosidades #narrastar #fatoscuriosos,2026-04-10 10:31:32 AM,6158,49,0,36700
ldlNjgPAeOY,🤔भाजपा के राज्य मंत्री सतीश चंद्र शर्मा ने सभी हदें पार कर दिए मुस्लिम महिला को...,2026-04-10 10:31:32 AM,42655,529,11,335000
-62sztq_Utg,school exam 😜😂||#nenumeekutelusa #telugucomedy#funny #viralvideo#ytshorts #friends #school #trending,2026-04-10 10:31:32 AM,27387,2793,15,617000
3nQW7Bsd9jE,आज मैंने BMW कार चोरी कर ली 😆😂 #indianvechilesimulator3d #short #viral #youtubeshorts#ytshorts😂😆,2026-04-10 10:31:32 AM,625,7,0,34000
FhhAljjL2CI,ADMK | EPS | ஜெயலலிதா காலில் விழுவதில் என்ன தவறு?: ஈபிஎஸ் கேள்வி | Jayalalitha | Tamil News,2026-04-10 10:31:32 AM,26701,407,8,7360000
8ZmGwr85ykw,Delhi Se Manali #shortsfeed #delhisemanali #viralshorts #viralshort #trendingshorts #shortvideo,2026-04-10 10:31:32 AM,8499,506,5,83800
dprOOxuHUnM,ajnabi movie beast seen।#moviescenes,2026-04-10 10:31:32 AM,1076,79,0,6180
JlartwrPCcE,Aksi Polisi Tak Mundur Diancam Abang Jago Pakai Busur di Sulsel,2026-04-10 10:31:32 AM,2955,47,15,3940000
Fn1iF9rjd0M,Kaamyaab #ytshorts #rajpalyadav #trendingshorts #shortvideo #shayari #short #viral,2026-04-10 10:31:32 AM,254,7,0,96
4M3WuFuxV34,"US birth rate drops again, extending 20-year decline",2026-04-10 10:31:32 AM,1121,8,38,753000
cWe5i3PDnGY,동물원 탈출한 늑대가 안 잡히는 이유,2026-04-10 10:31:32 AM,24617,237,51,56000
tAzpoWdNK_4,"যে ঠকে সে নিরুপায়,যে ঠকায় সে জন্ম গত বেইমান।#shorts #short video#motivation  @knlifestylevlog",2026-04-10 10:31:32 AM,1803,53,0,241
gYXQ_Kj11VA,Mashallah ☝️😇 respect 😍 #allah #status #shorts #respect #short #arltvinfo,2026-04-10 10:31:32 AM,9228,,4,256000
cjz6EHMBabk,Beautiful Birthday Cake Design #ytshorts #trending #shortsfeed #viral #youtubeshorts #shorts #short,2026-04-10 10:31:32 AM,855,6,0,3210
T_Kzj2mQ-pE,बिहार के नए सीएम को लेकर लग सकती है मुहर!#samratchoudhary #bihar #nitishkumar #cm,2026-04-10 10:31:32 AM,1580,66,10,71100
lihiUKrjUAk,"Valen DA 7 Dan Chua kotak Dua Idola Kesayangan Duet, Mila DA 7 Pinjem Dulu",2026-04-10 10:31:32 AM,8201,97,0,163000
n17L6UkyYHQ,"[속보] ""이란, 하루 15척 통행""..모즈타바 ""호르무즈 관리 새로운 차원""..트럼프 ""이란, 통행료 부과 안하는 게 좋을 것"" - [MBC 뉴스속보] 2026년 04월 10일",2026-04-10 10:31:32 AM,26138,343,0,6150000
_TLVuTHUxFA,jumma ki ajaan ki fazilat #viral #love #short video#youtube @,2026-04-10 10:31:32 AM,517,99,1,18700
MpQNqkdIMCM,Blox Fruits Roll 28 #roblox #bloxfruits,2026-04-10 10:31:32 AM,930,2,3,87
QDoLVQV_ekc,Final Seconds Went Crazy 🔥,2026-04-10 10:31:32 AM,860,,1,139000
o3rwJ-NTMnc,नदी की किनारे में कुछ मिला 🤣 #shorts #short #viralshorts,2026-04-10 10:31:32 AM,721,23,0,10100
IxWA_lAz0L4,#amarnathsdk #shortvideo #shorts   #bhojpuri #bhojpurisong  #song,2026-04-10 10:31:32 AM,4841,166,0,87100
Ra_X5gOjUNg,🤪 funny 11 balloon 🎈 crushing RC car & slow motion #short #shorts #rccar #balloon #crushing,2026-04-10 10:31:32 AM,2226,11,0,253
3SaNhc2VtU4,トランプ大統領「イランの通航料認めず」　モジタバ師は海峡の支配権強化を示唆,2026-04-10 10:31:32 AM,1437,34,11,2590000
VUMVGQGzT9o,இந்த கார் சர்வீஸ் பண்ணனும் 😂#shortvideo #short #shorts,2026-04-10 10:31:32 AM,9486,677,15,538000
MTvP3QFZiAM,Amazing 🤩 Maya Fish #Short  #fishingMaya,2026-04-10 10:31:32 AM,635,4,0,783
QRQ-7NLB8RM,बदनाम करने पर लगे हैं सब,2026-04-10 10:31:32 AM,4975,684,13,100000
GSRJg7HDB8E,हरिद्वार 10 अप्रैल के ताजा दर्शन #haridwar #ganga #shortsfeed #short #youtubeshorts #ytshorts,2026-04-10 10:31:32 AM,252,,0,358
0CcMhfW9Zwk,#clay #art viral #short #video,2026-04-10 10:31:32 AM,841,4,0,2280
x1_jNwJTULo,Sahi jawaab batao 🤨😯 #dublagem #short,2026-04-10 10:31:32 AM,555,,8,26700
9kUrrDHBCZU,Latest mandala design ♥️🌿#mehndi #art #henna #art #viral #short,2026-04-10 10:31:32 AM,359,2,0,1240
_oB1Dr9-CtM,Dushi breathing fire 🔥😮‍💨,2026-04-10 10:31:32 AM,9111,638,17,1870000
8pksFUP6YXU,Đề xuất toàn quốc chỉ bán xăng E10 từ ngày 30/4/2026,2026-04-10 10:31:32 AM,2333,12,1,359000
DlTvB1nKZyg,Ustedes que más le ponen a la sopa 🪵🥘🏡,2026-04-10 10:31:32 AM,2088,90,5,306000
DYtJlxe-5mk,DAY 2 PUSH GLOBAL FANY,2026-04-10 10:31:32 AM,2545,267,1,129000
Y0-C1I4CEo4,savidhan meri jan #new #dance #video #trending #song #viral #short #reels #video,2026-04-10 10:31:32 AM,482,37,0,375
gsJzPkhigIo,ഞാൻ ബിഗ്ഗ്‌ബോസ്സിനോടാ വഴക്കിട്ടത് #biggboss #sarika #interview #shaithyabiggboss #reality #troll,2026-04-10 10:31:32 AM,1629,38,1,11300
NjuF6YYXSqM,unique multi colour full cake design amezing #shortsfeed #youtube #trending #ytshorts #short #feed,2026-04-10 10:31:32 AM,4723,34,0,17800
Sa4oe3S3m4E,मालिक हो तुम सेवक हूं मैं #trending #short #viral #song,2026-04-10 10:31:32 AM,857,53,2,13000
MjFmuwuvAYs,#olympia #gymboy #motivation #bodybuilding #bodybuilder #edit #youtube #short #workout #gf #fitnish,2026-04-10 10:31:32 AM,442,21,0,298
jLpMcDGahqI,Wow Cake Ram Bhakt Kahani JaiBajrangwali Jai Shree Ram HarHarMahadev A #short #funny #bind k tech,2026-04-10 10:31:32 AM,2787,16,0,567000
E1OOVOGTPZ0,new funny 🤣🤣 video #funny #comedy #short #video #youtubeshorts,2026-04-10 10:31:32 AM,930,5,0,1580
QAW6UaFiW84,"wait for end, 😙 #virel #short #youtubeshorts  #ipl #cricket",2026-04-10 10:31:32 AM,671,14,0,82
VpU_kbX8luM,aaj khushi ki birthday celebrate ki  🎉|#shortvideo #shorts #short,2026-04-10 10:31:32 AM,4198,465,21,21200
pxoJ67i7ccU,#short #viralvideo #funny // #csk // comedy video,2026-04-10 10:31:32 AM,113,1,0,182
8WIMAT3DTIs,Rohit's Timing 😍 #R45,2026-04-10 10:31:32 AM,1434,,0,656
QOC3NdQ7ex0,Stronger every set”💪#biceps #motivation #fitneess #viralvideo #gym #shorts #short #video,2026-04-10 10:31:32 AM,732,56,1,3580
hFzPha3MGxo,公園の「トイレのレバー」窃盗相次ぐ→追う捜査員の目の前で犯行…男（49）を現行犯逮捕　埼玉・草加市の公園で「フラッシュバルブ」4個盗んだか｜TBS NEWS DIG,2026-04-10 10:31:32 AM,2430,49,76,3230000
7NzWeODXU84,What Animal is Your Twin Filter ! #trollface #tutorial #short,2026-04-10 10:31:32 AM,655,,0,117
wqDytm4OA2o,#funny #birds #gaming #short,2026-04-10 10:31:32 AM,566,,0,523
hJL0CMa0ZUw,judaa hoke tujhse ❤️‍🩹🥀💘💔💖💞#love #bts #tiktok #views #lyrics #music #kdrama #cdrama #kpop,2026-04-10 10:31:32 AM,2058,79,0,63200
J22Ax2djqsk,Pyar Mein Naikhi Gori Hum Bewafa-4K#Video |Pawan Singh |Ziddi Aashiq |Bhojpuri Sad Song,2026-04-10 10:31:32 AM,5161,97,2,24000
zquQQtVseiY,税制優遇・補助金などの効果　各省庁に自己点検を義務付け(2026年4月10日),2026-04-10 10:31:32 AM,783,17,16,4950000
q3iWFOzdLkg,😌🫶🏻,2026-04-10 10:31:32 AM,24975,3710,32,422000
fRdKeAyrN94,Mukul Choudhary destroy KKR Ms dhoni Mindset Helicopter shot #short #viral #lsgvskkr #ipl #ipl2026,2026-04-10 10:31:32 AM,13309,379,2,256000
um9qa_PF0EI,हार नहीं मानूंगा 💪#motivation #shortsfeed #viralvideos #short #homeworkout #shortvideos,2026-04-10 10:31:32 AM,878,,0,683
1BdK_lc0jok,रास रचैया श्याम ✨ #krishna #KrishnaBhajan #RadheRadhe #ShriKrishna #short #Devotional,2026-04-10 10:31:32 AM,710,41,0,714
37o2RMmvRk8,Rabdi Malai Cake 🤤 | Soft & Creamy Dessert in Minutes #shorts #youtubeshorts,2026-04-10 10:31:32 AM,720,,9,1170
WrwvPyKMx00,「春の嵐」4月1位の激しい雨を観測　大雨と強風に注意(2026年4月10日),2026-04-10 10:31:32 AM,1114,17,1,4950000
jS3H7-ISFfM,3 రాజధానులు అని 5 ఏళ్లు మోసం చేశావ్ @ysjagan #Mavigun #rythustarchannel #shorts #ysrcp #tdp #viral,2026-04-10 10:31:32 AM,1577,25,1,5460
NWKJA5ZJMCs,Iran Big Action on Pakistan After US Ceasefire LIVE: अब खत्म हो जाएगा पूरा PAK? | Shehbaz  | Munir,2026-04-10 10:31:32 AM,8192,59,0,31300000
gXBYvwn6a5o,Gorilla Ka Pyar 😱😂 #trending #india  #short,2026-04-10 10:31:32 AM,943,18,0,587
yxZazph1Hx4,Kita selamatkan brainrot dari tsunami ?!! #shorts,2026-04-10 10:31:32 AM,8298,406,22,1720000
tyhS9PMerOA,Sweetheart ♥️🥰 #short #viralvideo #subscribe,2026-04-10 10:31:32 AM,16005,,0,9580000
cTyMutQF46A,Mens are simple #comedy #memes #reaction #reactionvideo #shorts #trending #viral #short #trolling,2026-04-10 10:31:32 AM,2270,67,0,10600
n_Dg9yvFaNo,मेरी मम्मा कोसी #funny video #short video #trending video #short video,2026-04-10 10:31:32 AM,765,5,0,161000
Z7mtNHN-Pog,പാട്ടിൽ മിന്നിത്തിളങ്ങാൻ കുട്ടിപ്പാട്ടുകാർ,2026-04-10 10:31:32 AM,374,17,1,382000
ykAZYtHJfhU,「伝統を心に刻んで」皇宮警察学校で入校式　50人が護衛官に(2026年4月10日),2026-04-10 10:31:32 AM,323,13,7,4950000
5J7C7_BobmY,#wrg,2026-04-10 10:31:32 AM,3982,,1,342000
XCc5TJMkR2U,कॉक कोला लदी दुकानिया से#dance 🧃#prkwale #trendingshorts #viral #short video #Anjali prk,2026-04-10 10:31:32 AM,204,9,1,4750
HzU86CMnpnA,ये नास्ते में क्या मिला 🙂 ? #shorts #short #minivlog,2026-04-10 10:31:32 AM,494,,0,3410
8c26pouM5gM,Tebu Kesukaan cia 🤗 #shortvideo #short #monkey #monyet #animals,2026-04-10 10:31:32 AM,5376,40,0,255000
ivuQx6912Vs,Yar tera Badmasi ka khalnayak hai😳#shorts #emotional #trending #viral #music #youtubeshorts,2026-04-10 10:31:32 AM,16998,298,0,104000
z-fZugnzS3M,Syed Suhail | Iran-Israel War | फिर जंग 'भड़काएंगे 'Netanyahu? #shorts #ndtvindia #topnews #viral,2026-04-10 10:31:32 AM,26075,271,4,25100000
4BrFQJUC2AA,삼립 시화공장서 또 사고..작업자 2명 손가락 절단 / SBS,2026-04-10 10:31:32 AM,1763,50,64,5180000
SUdorUkzIaA,radhe Krishna #short video#daily video #love song,2026-04-10 10:31:32 AM,350,24,4,272
31MMQpe3wVM,[BIG collab] 120kg twins blazing dance 😡😠 #dance #shorts,2026-04-10 10:31:32 AM,38189,162,1,40100
hkCIeGfx008,놀이기구서 '뚝' 구사일생 '순간' #JTBC #Shorts,2026-04-10 10:31:32 AM,2144,11,0,4830000
b5MD1r_wtcQ,[Douyin/TikTok ] Anh Ấy Đã Quay Trở Lại Tìm Tôi #short  #traidep #tiktok #douyin,2026-04-10 10:31:32 AM,5131,68,1,142000
7beWiaMT-mM,范斯週六與伊朗會談 川普對達成協議「非常樂觀」,2026-04-10 10:31:32 AM,3205,74,1,341000
mfUeBxJkJ6U,Kalu ke sath tochan mukabla🙄 | Indian vehicle simulator 3D #viral #short #indianvehiclesimulator3d,2026-04-10 10:31:32 AM,606,,10,1320
N8RxIdSLT1Y,ट्रैक्टर खोल डाला 😱🔥 #shorts #short #shortvideos #viralshorts #trendingshorts,2026-04-10 10:31:32 AM,1170,,0,4790000
Dyj01yZEMGE,श्री कृष्ण पुनर्दत्त के आत्मा लेने यमलोक आए #shorts #short #shortvideo,2026-04-10 10:31:32 AM,1587,108,1,35600
JH5CrOQhvDQ,【Goose Goose Duck】闇落ち執行官 #にじさんじ #叶 #shorts,2026-04-10 10:31:32 AM,18500,,12,1580000
b53czszm4xc,GANTI COSTUME⁉️LARI  😱#shorts #dubbing #remix,2026-04-10 10:31:32 AM,5090,138,0,127000
O8U7XObyIOY,clayart😍clayshort#diy#trending #art #youtubeshorts #shortsfeed #shortvideo #short #viralvideo #viral,2026-04-10 10:31:32 AM,607,1,0,31200
qFcsq14HVms,En esta casa empezamos a preparar jugos naturales 🥰😘 #short #shorts #Orlopez,2026-04-10 10:31:32 AM,2214,51,2,8730
6LS7_cZNI9c,Oliver Tree - All You Ever Wanted (Official Unofficial Music Video),2026-04-10 10:31:32 AM,7249,2142,419,6690000
Y2UkkOQNqB0,क्या आपको यह वीडियो पसंद है? मेरे चैनल पर सदस्यता लें!#siblings #sister #funny #fun,2026-04-10 10:31:32 AM,8111,126,0,401000
C0W72v3DC5U,lucknow Super gaints won by 3 wickets #short #cricket #ipl2026,2026-04-10 10:31:32 AM,3396,82,1,221000
8fcTl0KdoFw,Chandni Raat me #viral song #tranding  #dance  #ytshortsl  #short feed #,2026-04-10 10:31:32 AM,924,4,0,75800
v_kXAEgzwGM,Vijay Came in Fools world 🤓😂🌏 | Vijay Saiwal | #shorts #school #schoollife #vijayshorts,2026-04-10 10:31:32 AM,15670,442,4,8560000
gE6Q6AFO2Xw,Chalo Dhani Aarti utare #short #video # #shortvideo #shortsfeed,2026-04-10 10:31:32 AM,1400,22,0,12500
ajPukBHe_-g,Yang ini bocil approved 😍 #resepviral #jajananbocil #masukberanda #shorts #viralshorts,2026-04-10 10:31:32 AM,2945,68,1,869000
DeGP-YyNvXI,Allah 🕋Allah🤲 #shortvideo #viralshort #youtubeshorts #trendingshorts #short,2026-04-10 10:31:32 AM,605,106,0,15000
_Op-3pCoVJ0,中国经济的转型机会在哪里？还有吗？/川普夫人公开否认牵涉爱泼斯坦/郑丽文北上会习，解放军黄海射击/王剑每日观察/20260409,2026-04-10 10:31:32 AM,9449,547,0,857000
saXMW9Q2p4I,सबको शुक प्राप्त कियु नाही होती || #premanandjimaharaj #short #trending #bhajanmarg,2026-04-10 10:31:32 AM,1142,41,0,4190
xESuEHvYeoY,Browser Games Are THIS GOOD !!,2026-04-10 10:31:32 AM,1507,,0,31600
Ln5uFxOBERg,Netanyahu Kirim Sinyal Keras! Perang Bisa Berlanjut Meski Ada Gencatan Senjata? | SAPA PAGI,2026-04-10 10:31:32 AM,3048,35,18,19900000
leq3-0drrpo,주술회전 ㅈㄴ 치밀함,2026-04-10 10:31:32 AM,4864,60,2,139000
_D_p7XvPgzg,#yt #milkchocolate #darkchocolate #sweetcravings #foodtrend #viralfood #short #viralshorts #ytshorts,2026-04-10 10:31:32 AM,835,7,0,1820
CmVuozlmELU,Playing Hide & Seek 😜 #souravjoshivlogsfanclub #piyushjoshi #souravjoshivlog #souravjoshifunny,2026-04-10 10:31:32 AM,4775,49,1,46300
dSIsKhMuk24,Chalo Dhani Aarti utare #short #video # #shortvideo #shortsfeed,2026-04-10 10:31:32 AM,693,14,0,33400
iiTVkz6rSMo,Ktm #short #viral,2026-04-10 10:31:32 AM,720,6,0,6800
3ZZUPcFAwIk,আজ পবিত্র জুম্মার দিন#unfrezzmyaccount #vairalvideo #duet #short #foryourpage #foryou,2026-04-10 10:31:32 AM,1098,35,1,18200
kXKOtCQ4-5A,सबनम भाभी के लिए वीडियो हमको कुछ बोली तो छोड़ेंगे नहीं😡,2026-04-10 10:31:32 AM,30585,3773,72,1830000
15AzYnsIuxQ,"Quyền Gì Yêu Cầu A.Báu ""Xoá Kênh"" Chuyện Tình Vụng Trộm Với Người Đẹp Liệu Có Thật",2026-04-10 10:31:32 AM,5047,1600,4,501000
lPVreMMX_Z0,Dirty Car to Brand New in 10 Minutes 😱🚗 | Unbelievable Cleaning Hack! #shots #facts,2026-04-10 10:31:32 AM,10598,,1,602000
Pf1s4w6XXro,14 अप्रैल है आया | ambedkar jayanti short video | #short,2026-04-10 10:31:32 AM,301,18,1,13600
kKYH-03kjmo,❄️ Ice Field Survival Squid Game Red Light Challenge 🛑,2026-04-10 10:31:32 AM,13335,,0,196000
EX86pG_OLWo,मेरी और ड्रैगनकी लड़ाई #music #animatry #3danimation #funny #shortvideo #shorts #short,2026-04-10 10:31:32 AM,512,8,0,117
c1dNvFKwaSY,"#timelapse, start to finish alone log cabin how to build wooden, cabin surviva EP_113",2026-04-10 10:31:32 AM,923,,1,60
xTj8JTXEPJc,नरखेड येथे भीम जयंती निमित्त banner display celebration 2026 #viral #short #banner #bhimjayanti,2026-04-10 10:31:32 AM,343,25,0,11400
N7D0xncbuxM,🌄#jay🙏#hanuman🌹#viral❤️#new #short #art #ai #ram #status #love #trending #song #like #video #reels,2026-04-10 10:31:32 AM,495,61,0,771
Qp184FJWVvM,SNSで大騒ぎのドローン演出,2026-04-10 10:31:32 AM,15464,392,3,22900
PLF0vbcQGQM,LIVE TRADING NIFTY BANKNIFTY and SENSEX OPTIONS 10 April #livetrading,2026-04-10 10:31:32 AM,26655,4468,0,234000
QNzI4rHWHY4,Trending🔥 #youtubeshorts #dance #trending #ytshorts #short,2026-04-10 10:31:32 AM,1328,,0,44800
DOmGgVKTAGo,ଜୟ ଜଗନ୍ନାଥ 🙏 ମଙ୍ଗଳ ଆଳତୀ #short #shorts #youtube #youtubeshorts #world #public #ytshorts #pinkishort,2026-04-10 10:31:32 AM,579,100,1,1420
qAVhLCz4hvE,SALIERON EN EL ÁLBUM PERO NO FUERON AL MUNDIAL #futbol #fc26 #ultimateteam l,2026-04-10 10:31:32 AM,4848,,5,15700
9livpzsvJRQ,¿Cuáles Sharklas escogerás? 🤔🦈| Pedidos en sharklas.com link en bio👉,2026-04-10 10:31:32 AM,9883,907,62,3730000
VXSv5WN4mvI,are bhai sahab 🤣#comedy #funny #short #trending #newvideo #reels #viralvideo,2026-04-10 10:31:32 AM,1668,9,0,1680
NrCv5tgr9PI,#armanmalik #kritikamalik #payalmalik #malikvlogs #shorts #malikkids #short video #shortsfeed #viral,2026-04-10 10:31:32 AM,18410,302,0,573000
nbRcA3x-6Ck,'Vijay Gold Medal மாட்டுனாரு இப்போ தாலி..' 🎯 💕  Rashmika 1st Time Reveals,2026-04-10 10:31:32 AM,3986,71,0,20300000
ZZ3OxFwfr-c,🔴LIVE🔴Chinese Cuisine | Super Delicious Chinese Street Food #food #streetfood #cooking #美食,2026-04-10 10:31:32 AM,2838,180,0,14600
EJHE_aLcobU,मर गई मैं गेहूं काटते काटते 🌾😫... #trending #youtube #short  #video,2026-04-10 10:31:32 AM,449,6,0,89
qyk1jUUSh98,Day -96 of my 100 day video challenge #short,2026-04-10 10:31:32 AM,488,18,0,3660
qd-Tu4g0l2c,TUMBEN BEBEB BAIK DAN GAK MARAH⁉️ Cr: c@cmarulho,2026-04-10 10:31:32 AM,5000,455,0,12700000
8gC_3TvpSgw,😂😂exam #shorts #viral #trending #short,2026-04-10 10:31:32 AM,1360,69,0,35400
mToXszPu_DA,देखये इस पबरटीलर ने पूरे भारत में धमाल मचा दिया #shorts #short #powertiller #machine #viral #farming,2026-04-10 10:31:32 AM,653,7,0,29500
xU0nuColoBY,「鄭習會」見面了!　鄭麗文.習近平握手14秒｜TVBS新聞@TVBSNEWS01,2026-04-10 10:31:32 AM,5037,4695,411,3260000
WbdpIh9wJBs,हम दोनों दो प्रेमी दुनियां छोड़ चलेll #viral #short #yt,2026-04-10 10:31:32 AM,226,4,0,261
WcGzFJF9S6o,公衆トイレの「フラッシュバルブ」窃盗か　無職の49歳男逮捕「80回くらいやった」(2026年4月10日),2026-04-10 10:31:32 AM,635,21,24,4950000
i9jXORBzaSE,Jannat me namaazi ki  asli pahchan kya hogi #shorts #namazi #jannat #islamic #viral,2026-04-10 10:31:32 AM,942,,0,8530
BWZ0ctEJUyo,Krish Ka Bhai Ke Liye Pyar ❤️🙏||Krish Actor shorts #krishactor #shorts #ytshorts,2026-04-10 10:31:32 AM,257365,2988,3,2710000
m9n2CadfPiw,Ram Aayenge #ssbnayak #short #trending #viral,2026-04-10 10:31:32 AM,701,20,5,40300
cFkL8oxTw6Y,Granny Ko Challenge Kiya #ytshorts #granny #gaming #shortsfeed #shorts #short #trending #vairal,2026-04-10 10:31:32 AM,1156,9,0,5110
etmV0pKOmAg,मर्दों को घमंड किस बात का है? 🤣 |@gunjanofficial2017 #short #patipatni #comedy #relatable #ytshorts,2026-04-10 10:31:32 AM,4646,222,5,470000
LGsY0hl7Jec,Llego a su casa y resulta que su hermana la había vendido. #ViralShorts #ShortStory #Historias,2026-04-10 10:31:32 AM,1342,44,0,299000
CZipaauwrkY,jesus ✝️christ ✝️ hit ✝️ song #short video #,2026-04-10 10:31:32 AM,746,57,0,6260
7X_3S8Azme4,గరుడపురాణంలో అల్పాయుష్షుకు కారణాలు! 😱 The Dark Truth Behind Short Lifespans! #shorts,2026-04-10 10:31:32 AM,280,29,6,145000
hZ7WYA5MrpQ,鄭習會登場！雙方談話互相呼應。,2026-04-10 10:31:32 AM,7057,778,92,267000
Fi6c_cdgcVg,"Negara NATO Diam-diam Bantu Iran, Beri Informasi Intelijen soal Israel hingga Buat AS Khawatir",2026-04-10 10:31:32 AM,6198,140,32,15500000
FXynxZYS6wU,So real… #basketball #sports #coach,2026-04-10 10:31:32 AM,13830,717,12,112000
sQW0qm6O_SI,wait wait wait 🤣🐕‍🦺😂 #funny #comedy #short,2026-04-10 10:31:32 AM,773,7,0,1520
n-vW4wnXh7Q,rishi kapoor and kaderkhan 😆 #bollywood #hindimovie #actionmovie #sunnydeolmovie #dharmendra #shorts,2026-04-10 10:31:32 AM,3520,59,0,483000
5UZejricg7s,una máquina está enamorada de Marge #lossimpson Homero,2026-04-10 10:31:32 AM,1291,98,2,249000
_yllPr8mPw0,3 Crore Ki lottery 😱 #short #minivlog #ashortaday #vlog #tranding #cat #cats,2026-04-10 10:31:32 AM,5100,30,0,652
Rw_ElASBSMk,Chingon 2 💃👑 #short #shortdance #shortvideo #trending #viral #hiyasanfui #hiyasanfuidance,2026-04-10 10:31:32 AM,666,9,1,5250
4Wy1Q24UBig,Hakla bhai bach gaya 😂 saas bahu ke jhagde se 😂😂 saas bahu comedy,2026-04-10 10:31:32 AM,1723,59,3,571000
UqVFEd2f1U4,#shortsfeed #lyrics #flipaclip #nobatidao,2026-04-10 10:31:32 AM,1375,43,1,48700
KIg0Fp2Tuno,West Bengal Election 2026 | হুমায়ুন কবীরের ভাইরাল ভিডিও ভোটের অঙ্কে প্রভাব ফেলবে? | ABP Ananda LIVE,2026-04-10 10:31:32 AM,1205,11,9,13400000
8gx4Q1y6jCI,#clay #art viral #short #video,2026-04-10 10:31:32 AM,768,3,0,2280
iH0qwHNpRHU,राम कि सेवा राम कि पूजा 🙏❤️ #shorts #short #shortvideo #youtubeshorts #jaishreeram #ram #youtube 🙏🙏,2026-04-10 10:31:32 AM,1026,,0,1190
L-be7cLlsFo,tent house challenge part 1 😂😂#short #short funny video #short comedy video #short fan video #,2026-04-10 10:31:32 AM,3450,47,0,9910
UiUrFGJjNXU,🇮🇳 love you india 🙏 teeri mitti me 🫡❤️‍🔥🫶#youtubeshorts #trend #indianarmy,2026-04-10 10:31:32 AM,5143,,0,2690
u6PyDyRDQoA,PRESET ALIGHT👿💥 MOTION FF💥🎶I1 🤡PANDA🤡-DESIIGNER || SRIKUL FF 👀 VIRAL!,2026-04-10 10:31:32 AM,828,30,0,100000
zErEda_Tduo,ഖത്തർ അമേരിക്കൻ സൈന്യത്തെ ഒഴിവാക്കുന്നു#hamdinspir,2026-04-10 10:31:32 AM,7127,645,21,44300
u-E2ANjt2Y4,mother in law won my heart 💜 #drama #family #shorts #explore #trending #foryou #viral #love,2026-04-10 10:31:32 AM,11424,158,0,127000
6moOI1LgRiQ,#short #viral #short viral @nishu Bhai😭,2026-04-10 10:31:32 AM,312,16,2,218
FVRFQSVvIqE,She Ghost Very Angry 😡👻😭 #shortvideo #funnyvideo,2026-04-10 10:31:32 AM,25123,268,0,11200000
7_y3_fdKKsI,Bhopal ka science museum #short,2026-04-10 10:31:32 AM,704,,0,325
69c6sh72N-A,Happy raksha bandhan #realfools #short #video #viral 100m view,2026-04-10 10:31:32 AM,1186,20,1,8110
Qzde9y1h4PE,ਅੰਡਾਨੀ ਅੰਬਾਨੀ 😂 #short #shortsfeed #trending #viral #punjabi #comedyshorts #funny #comedy,2026-04-10 10:31:32 AM,500,23,0,4310
n-t2siUsX_U,for s real 😜 #cricket #ipl #short #wannabeyours,2026-04-10 10:31:32 AM,1674,,1,47300
zb2kkU5QpaA,Chumbak aur chota bhai 🧲🔥| indian family #shorts #chaman #indian  #relatable #chotabhaibadabhai,2026-04-10 10:31:32 AM,14691,,0,96700
A0mrsUBNMXA,Jaise chahie le rahile#youtube #short video#Savitri sahu 938#Bhojpuri song,2026-04-10 10:31:32 AM,882,14,0,133
03o0FA3XFHc,tanaman pemangsa manusia 😲 #short #hiburan #hiburananak #shortvideo,2026-04-10 10:31:32 AM,32,0,0,132000
F9wGb_VHAHM,Wait For Elvish Yadav 😅☠️ #elvish #system #elvishyadav #elvisharmy #mummycomedy #short #ytshorts,2026-04-10 10:31:32 AM,228,,0,26300
XC-jhu1yDqw,Garib Kisan ki #short #video,2026-04-10 10:31:32 AM,644,14,0,474
0Ssk8Bm0Tas,ada paavi🤣real and twist😋#funny #comedy #trending #short,2026-04-10 10:31:32 AM,871,7,3,30900
3MifK0BiwbU,Gelombang Ke-100 Iran Luncurkan Serangan Kombinasi Senjata Canggih,2026-04-10 10:31:32 AM,2493,23,4,1000000
CPJXj5Cl-0w,Move One Stick & Make it Correct 🤯 #short #education #maths #school #students #ytshorts #trending,2026-04-10 10:31:32 AM,5568,80,1,95200
AmHsNM0lB_k,Expiry Hero Zero Trade Nifty SENSEX | Live Trading | Banknifty Analysis | 10-April | #livetrading,2026-04-10 10:31:32 AM,21222,2680,,111000
Xn43Xz58Kiw,ये टायर बाले जूते तो कमाल के है #youtube #short #shortsvideo,2026-04-10 10:31:32 AM,4963,,0,255000
x-FVUhuL864,s letter wala cake design tutorial #cake#trending #youtubeshorts #shortvideo #short #viral #art,2026-04-10 10:31:32 AM,607,7,0,2010
1_3LyIkoRnM,aduh kok berbubah jadi nenek nenek ya #short Chapitosiki,2026-04-10 10:31:32 AM,3455,42,0,1670000
DqSY2jStcVs,स्कूल आने में कहा लेट होगाई #funny  #short #maruti ka #vidio  #मम्मी #पापा की लड़ाई #sonelalsamita,2026-04-10 10:31:32 AM,564,6,0,8920
q8PguXe-Bq8,fighter of the match #viralshorts #short #shortvideo #ytshorts #explore #instagram #instalike #fyp,2026-04-10 10:31:32 AM,647,,0,18000
L0cUYWlIDd8,Simpex light unboxing #trending #short #shortviral #shortsfeed #lightunboxing #trending,2026-04-10 10:31:32 AM,453,2,0,187000
otWeGeNlf_o,sauth movie clips #ytstudio #usa #englishlanguage #trending #short by you tub,2026-04-10 10:31:32 AM,442,7,0,14
onUJ4r8v7fo,आखिरी तक जरूर देखना😱#facts #funny #viral #short #shorts#shortsfeed #viralshort #allfacts #viralshort,2026-04-10 10:31:32 AM,367,7,1,30600
e8mA4PDcF7I,cold drink VS Pani #short video,2026-04-10 10:31:32 AM,803,16,1,19000
6V_YIgZzj3w,#Pagali | चुरा कर बेच दी गोईठा | Bhojpuri Comedy | #shorts #short #video #ytshorts,2026-04-10 10:31:32 AM,769,6,0,436
MOMf0ukvSNQ,【トランプ大統領】イランが停戦合意に違反していると反発する中  イスラエルにレバノン攻撃の自粛要請,2026-04-10 10:31:32 AM,4833,44,20,3190000
lKs0n6sxaLk,Kindness can change someone’s entire life ❤️#shorts #short,2026-04-10 10:31:32 AM,225,10,0,21300
WUnEjMGK0a8,खरगोश का सर्कस पार्ट 1 #shortvideo #funny #comedy,2026-04-10 10:31:32 AM,8914,,12,4940000
qtzteHcnHXo,Duggu ne Mummy ko hara dia 😂😂,2026-04-10 10:31:32 AM,61685,608,0,13700000
pdyuGey4194,Rani fera me lagal bani 🥰..#trending #short #viral #bhajpuri #dance #foryou #explore #youtube,2026-04-10 10:31:32 AM,9773,638,7,353000
t1kTXIv0xGc,Who Will Win This Challenge #shorts #short #games #gameplay #viralvideo #familygames,2026-04-10 10:31:32 AM,795,3,0,989000
M13NM1GmcyQ,Cabbage Boy ko Sab jagha Se Bhaga Diya 😳 #short,2026-04-10 10:31:32 AM,766,,0,219
